<?xml version="1.0" encoding="utf-8"?>
<!DOCTYPE extension SYSTEM "ext-1.0.dtd">

<!--
/**
 * Allows users to tag topics
 *
 * @copyright Copyright (C) 2008 PunBB
 * @license http://www.gnu.org/licenses/gpl.html GPL version 2 or higher
 * @package pun_tags
 */
-->

<extension engine="1.0">
	<id>pun_tags</id>
	<title>Pun tags</title>
	<version>1.8.1</version>
	<description>Topics are taggable now.</description>
	<author>PunBB Development Team</author>

	<minversion>1.4RC1</minversion>
	<maxtestedon>1.4.1</maxtestedon>

	<install><![CDATA[
		// Create table topic_tags if its fresh install
		if (!$forum_db->table_exists('topic_tags'))
		{
			$schema = array(
				'FIELDS'			=> array(
					'id'			=> array(
						'datatype'		=> 'SERIAL',
						'allow_null'	=> false
					),
					'topic_id'			=> array(
						'datatype'		=> 'INT(10) UNSIGNED',
						'allow_null'	=> false

					),
					'tag_id'		=> array(
						'datatype'		=> 'INT(10) UNSIGNED',
						'allow_null'	=> false
					)
				),
				'PRIMARY KEY'	=> array('id')
			);
			$forum_db->create_table('topic_tags', $schema);
		}

		// Create table tags if its fresh install
		if (!$forum_db->table_exists('tags'))
		{
			$schema = array(
				'FIELDS'			=> array(
					'id'			=> array(
						'datatype'		=> 'SERIAL',
						'allow_null'	=> false
					),
					'tag'			=> array(
						'datatype'		=> 'VARCHAR(50)',
						'allow_null'	=> false
					)
				),
				'PRIMARY KEY'	=> array('id')
			);
			$forum_db->create_table('tags', $schema);
		}

		forum_config_add('o_pun_tags_show', '1');
		forum_config_add('o_pun_tags_count_in_cloud', '25');
		forum_config_add('o_pun_tags_separator', ' ');

		if (!$forum_db->field_exists('groups', 'g_pun_tags_allow'))
		{
			$forum_db->add_field('groups', 'g_pun_tags_allow', 'TINYINT(1)', false, '1');
		}
	]]></install>


	<uninstall><![CDATA[
		// Delete extension options from the config
		forum_config_remove(array(
			'o_pun_tags_show',
			'o_pun_tags_count_in_cloud',
			'o_pun_tags_separator'));

		// Drop extension tables
		$forum_db->drop_table('topic_tags');
		$forum_db->drop_table('tags');
		$forum_db->drop_field('groups', 'g_pun_tags_allow');

		// Remove pun_tags cache file
		if (file_exists(FORUM_CACHE_DIR.'cache_pun_tags.php'))
		{
			@unlink(FORUM_CACHE_DIR.'cache_pun_tags.php');
		}
	]]>
	</uninstall>

	<hooks>

		<hook id="agr_add_edit_group_flood_fieldset_end"><![CDATA[
			?>
				<div class="content-head">
					<h3 class="hn"><span><?php echo $lang_pun_tags['Permissions']; ?></span></h3>
				</div>
				<fieldset class="mf-set set<?php echo ++$forum_page['item_count'] ?>">
					<legend><span><?php echo $lang_pun_tags['Create tags perms']; ?></span></legend>
					<div class="mf-box">
						<div class="mf-item">
							<span class="fld-input"><input type="checkbox" id="fld<?php echo ++$forum_page['fld_count'] ?>" name="pun_tags_allow" value="1"<?php if ($group['g_pun_tags_allow'] == '1') echo ' checked="checked"' ?> /></span>
						<label for="fld<?php echo $forum_page['fld_count'] ?>"><?php echo $lang_pun_tags['Name check']; ?></label>
						</div>
					</div>
				</fieldset>
			<?php
		]]></hook>


		<hook id="agr_edit_end_qr_update_group"><![CDATA[
			$pun_tags_allow = isset($_POST['pun_tags_allow']) ? intval($_POST['pun_tags_allow']) : '0';
			$query['SET'] .= ', g_pun_tags_allow='.$pun_tags_allow;
		]]></hook>


		<hook id="hd_main_elements"><![CDATA[
			//Output of search results
			if ($forum_config['o_pun_tags_show'] == '1' && in_array(FORUM_PAGE, array('index', 'viewforum', 'viewtopic', 'searchtopics', 'searchposts')))
			{
				$output_results = array();
				switch (FORUM_PAGE)
				{
					case 'index':
						if (isset($pun_tags['forums']))
						{
							foreach ($pun_tags['forums'] as $forum_id => $tags_list)
							{
								//Can user read this forum?
								if (in_array($forum_id, $pun_tags_groups_perms[$forum_user['group_id']]))
								{
									foreach ($tags_list as $tag_id => $tag_weight)
										if (!isset($output_results[$tag_id]))
											$output_results[$tag_id] = array('tag' => $pun_tags['index'][$tag_id], 'weight' => $tag_weight);
										else
											$output_results[$tag_id]['weight'] += $tag_weight;
								}
							}
						}
						break;

					case 'viewforum':
						if (isset($pun_tags['forums'][$id]))
						{
							foreach ($pun_tags['forums'][$id] as $tag_id => $tag_weight)
							{
								$output_results[$tag_id] = array('tag' => $pun_tags['index'][$tag_id], 'weight' => $tag_weight);
								//Determine tag weight
								foreach ($pun_tags['forums'] as $forum_id => $tags_list)
									if ($forum_id != $id && in_array($forum_id, $pun_tags_groups_perms[$forum_user['group_id']]) && in_array($tag_id, array_keys($tags_list)))
										$output_results[$tag_id]['weight'] += $tags_list[$tag_id];
							}
						}
						break;

					case 'viewtopic':
						if (isset($pun_tags['topics'][$id]))
						{
							foreach ($pun_tags['topics'][$id] as $tag_id)
							{
								$output_results[$tag_id] = array('tag' => $pun_tags['index'][$tag_id], 'weight' => $pun_tags['forums'][$cur_topic['forum_id']][$tag_id]);
								//Determine tag weight
								foreach ($pun_tags['forums'] as $forum_id => $tags_list)
									if ($forum_id != $cur_topic['forum_id'] && in_array($forum_id, $pun_tags_groups_perms[$forum_user['group_id']]) && in_array($tag_id, array_keys($tags_list)))
										$output_results[$tag_id]['weight'] += $tags_list[$tag_id];
							}
						}
						break;

					case 'searchtopics':
					case 'searchposts':
						//This string will be replaced after getting search results
						$main_elements['<!-- forum_crumbs_end -->'] .= '<div id="brd-pun_tags"></div>';
						break;
				}

				if (!empty($output_results))
				{
					$minfontsize = 100;
					$maxfontsize = 200;
					list($min_pop, $max_pop) = min_max_tags_weights($output_results);
					if ($max_pop - $min_pop == 0)
						$step = $maxfontsize - $minfontsize;
					else
						$step = ($maxfontsize - $minfontsize) / ($max_pop - $min_pop);

					uasort($output_results, 'compare_tags');
					$output_results = array_tags_slice($output_results);
					$results = array();
					foreach ($output_results as $tag_id => $tag_info)
					{
						$results[] = pun_tags_get_link(round(($tag_info['weight'] - $min_pop) * $step + $minfontsize), $tag_id, $tag_info['weight'], $tag_info['tag']);
					}
					$main_elements['<!-- forum_crumbs_end -->'] .= '<div id="brd-pun_tags"><ul>'.implode($forum_config['o_pun_tags_separator'], $results).'</ul></div>';
					unset($minfontsize, $maxfontsize, $step, $results, $min_pop, $max_pop);
				}
				unset($output_results, $tags_weights);
			}
		]]></hook>


		<hook id="co_modify_url_scheme"><![CDATA[
			if (file_exists($ext_info['path'].'/url/'.$forum_config['o_sef'].'.php'))
				require $ext_info['path'].'/url/'.$forum_config['o_sef'].'.php';
			else
				require $ext_info['path'].'/url/Default.php';
		]]></hook>


		<hook id="re_rewrite_rules"><![CDATA[
			$forum_rewrite_rules['/^tag[\/_-]?([0-9]+)(\.html?|\/)?$/i'] = 'search.php?action=tag&tag_id=$1';
			$forum_rewrite_rules['/^tag[\/_-]?([0-9]+)[\/_-]p(age)?[\/_-]?([0-9]+)(\.html?|\/)?$/i'] = 'search.php?action=tag&tag_id=$1&p=$3';
		]]></hook>


		<hook id="se_results_pre_header_load"><![CDATA[
			if ($action == 'tag')
			{
				// Regenerate paging links
				$tag_id = isset($_GET['tag_id']) ? intval($_GET['tag_id']) : 0;
				if ($tag_id >= 1)
					$forum_page['page_post']['paging'] = '<p class="paging"><span class="pages">'.$lang_common['Pages'].'</span> '.paginate($forum_page['num_pages'], $forum_page['page'], $forum_url['search_tag'], $lang_common['Paging separator'], $tag_id).'</p>';
			}
		]]></hook>


		<hook id="aop_features_validation"><![CDATA[
			if (!isset($form['pun_tags_show']) || $form['pun_tags_show'] != '1')
				$form['pun_tags_show'] = '0';
			if (isset($form['pun_tags_count_in_cloud']) && !empty($form['pun_tags_count_in_cloud']) && intval($form['pun_tags_count_in_cloud']) > 0)
				$form['pun_tags_count_in_cloud'] = intval($form['pun_tags_count_in_cloud']);
			else
				$form['pun_tags_count_in_cloud'] = 25;
			if (isset($form['pun_tags_separator']) && !empty($form['pun_tags_separator']))
				$form['pun_tags_separator'] = $form['pun_tags_separator'];
			else
				$form['pun_tags_separator'] = ' ';
		]]></hook>


		<hook id="aop_features_avatars_fieldset_end"><![CDATA[
				?>
			<div class="content-head">
				<h2 class="hn">
					<span><?php echo $lang_pun_tags['Pun Tags']; ?></span>
				</h2>
			</div>
			<fieldset class="frm-group group1">
				<legend class="group-legend">
					<span><?php echo $lang_pun_tags['Settings']; ?></span>
				</legend>
				<div class="sf-set set<?php echo ++$forum_page['item_count'] ?>">
					<div class="sf-box checkbox">
						<span class="fld-input">
							<input id="fld<?php echo ++$forum_page['fld_count'] ?>" type="checkbox" <?php if ($forum_config['o_pun_tags_show'] == '1') echo ' checked="checked"' ?> value="1" name="form[pun_tags_show]"/>
						</span>
						<label for="fld<?php echo $forum_page['fld_count'] ?>">
							<span><?php echo $lang_pun_tags['Show Pun Tags']; ?></span>
							<?php echo $lang_pun_tags['Pun Tags notice']; ?>
						</label>
					</div>
				</div>
				<div class="sf-set set<?php echo ++$forum_page['item_count'] ?>">
					<div class="sf-box text">
						<span class="fld-input">
							<input id="fld<?php echo ++$forum_page['fld_count'] ?>" type="text" value="<?php echo $forum_config['o_pun_tags_count_in_cloud']; ?>" maxlength="6" size="6" name="form[pun_tags_count_in_cloud]"/>
						</span>
						<label for="fld<?php echo $forum_page['fld_count'] ?>">
							<span><?php echo $lang_pun_tags['Tags count']; ?></span>
							<small><?php echo $lang_pun_tags['Tags count info']; ?></small>
						</label>
					</div>
				</div>
				<div class="sf-set set<?php echo ++$forum_page['item_count'] ?>">
					<div class="sf-box text">
						<span class="fld-input">
							<input id="fld<?php echo ++$forum_page['fld_count'] ?>" type="text" value="<?php echo $forum_config['o_pun_tags_separator']; ?>" maxlength="10" size="6" name="form[pun_tags_separator]"/>
						</span>
						<label for="fld<?php echo $forum_page['fld_count'] ?>">
							<span><?php echo $lang_pun_tags['Separator']; ?></span>
							<small><?php echo $lang_pun_tags['Separator info']; ?></small>
						</label>
					</div>
				</div>
			</fieldset>
			<?php

		]]></hook>


		<hook id="co_common"><![CDATA[
			if (file_exists($ext_info['path'].'/lang/'.$forum_user['language'].'/'.$ext_info['id'].'.php'))
				require $ext_info['path'].'/lang/'.$forum_user['language'].'/'.$ext_info['id'].'.php';
			else
				require $ext_info['path'].'/lang/English/'.$ext_info['id'].'.php';

			define('PUN_TAGS_CACHE_UPDATE', 12);
			require_once $ext_info['path'].'/functions.php';

			if (file_exists(FORUM_CACHE_DIR.'cache_pun_tags.php'))
				include FORUM_CACHE_DIR.'cache_pun_tags.php';
			// Regenerate cache
			if ((!defined('PUN_TAGS_LOADED') || $pun_tags['cached'] < (time() - 3600 * PUN_TAGS_CACHE_UPDATE)))
			{
				pun_tags_generate_cache();
				require FORUM_CACHE_DIR.'cache_pun_tags.php';
			}

			if (file_exists(FORUM_CACHE_DIR.'cache_pun_tags_groups_perms.php'))
				include FORUM_CACHE_DIR.'cache_pun_tags_groups_perms.php';
			// Regenerate cache if the it is more than $pun_cache_period hours old
			if ((!defined('PUN_TAGS_GROUPS_PERMS') || $pun_tags_groups_perms['cached'] < (time() - 3600 * PUN_TAGS_CACHE_UPDATE)))
			{
				pun_tags_generate_forum_perms_cache();
				require FORUM_CACHE_DIR.'cache_pun_tags_groups_perms.php';
			}
		]]></hook>


		<hook id="hd_head"><![CDATA[
			if (in_array(FORUM_PAGE, array('index', 'viewforum', 'viewtopic', 'searchtopics', 'searchposts', 'admin-management-manage_tags')))
			{
				if ($forum_user['style'] != 'Oxygen' && file_exists($ext_info['path'].'/style/'.$forum_user['style'].'/pun_tags.css'))
					$forum_loader->add_css($ext_info['url'].'/style/'.$forum_user['style'].'/pun_tags.css', array('type' => 'url', 'media' => 'screen'));
				else
					$forum_loader->add_css($ext_info['url'].'/style/Oxygen/pun_tags.min.css', array('type' => 'url', 'media' => 'screen'));
			}
		]]></hook>


		<hook id="po_pre_optional_fieldset" priority="1"><![CDATA[
			if ($fid && $forum_user['g_pun_tags_allow'])
			{
				// if pun_approval is installed, we make adding of tags impossible when topic is being created.
				// User can add tags to the topic after it is approved.
				$query= array(
					'SELECT'	=> 'disabled',
					'FROM'		=> 'extensions',
					'WHERE'		=> 'id=\'pun_approval\''
				);
				$result=$forum_db->query_build($query) or error(__FILE__, __LINE__);

				$row = $forum_db->fetch_assoc($result);
				if ($row)
					$appr_disabled = $row['disabled'];
				else
					$appr_disabled = true;

				// Chek if pun_approval is installed and enabled
				if ($appr_disabled || $forum_user['g_id'] == FORUM_ADMIN)
				{
					?>
					<div class="sf-set set<?php echo ++$forum_page['item_count'] ?>">
						<div class="sf-box text">
							<label for="fld<?php echo ++$forum_page['fld_count'] ?>"><span><?php echo $lang_pun_tags['Topic tags']; ?></span><small><?php echo $lang_pun_tags['Enter tags']; ?></small></label><br />
								<span class="fld-input"><input id="fld<?php echo $forum_page['fld_count'] ?>" type="text" name="pun_tags" value="<?php echo empty($_POST['pun_tags']) ? '' : forum_htmlencode($_POST['pun_tags']) ?>" size="70" maxlength="100"/></span>
						</div>
					</div>
					<?php
				}
				else
				{
					?>
					<div class="sf-set set<?php echo ++$forum_page['item_count'] ?>">
						<div class="sf-box text">
							<label for="fld<?php echo ++$forum_page['fld_count'] ?>"><span><?php echo $lang_pun_tags['Topic tags']; ?></span><div class="fld-input"><?php echo $lang_pun_tags['Tags warning'] ?></div></label><br />
						</div>
					</div>
					<?php
				}
			}
		]]></hook>


		<hook id="po_end_validation, mr_confirm_split_posts_form_submitted"><![CDATA[
			if (!empty($_POST['pun_tags']) && $forum_user['g_pun_tags_allow'])
				$new_tags = pun_tags_parse_string(utf8_trim($_POST['pun_tags']));
		]]></hook>


		<hook id="fn_add_topic_end"><![CDATA[
			global $new_tags, $pun_tags, $forum_user;

			// Add tags to DB
			if (!empty($new_tags) && $forum_user['g_pun_tags_allow'])
			{
				$search_arr = isset($pun_tags['index']) ? $pun_tags['index'] : array();
				foreach ($new_tags as $pun_tag)
				{
					$tag_id = array_search($pun_tag, $search_arr);
					if ($tag_id !== FALSE)
						pun_tags_add_existing_tag($tag_id, $new_tid);
					else
						pun_tags_add_new($pun_tag, $new_tid);
				}
				pun_tags_generate_cache();
			}
		]]></hook>


		<hook id="mr_confirm_split_posts_pre_redirect"><![CDATA[
			if (!empty($new_tags) && $forum_user['g_pun_tags_allow'])
			{
				foreach ($new_tags as $pun_tag)
					pun_tags_add_new($pun_tag, $new_tid);
				pun_tags_generate_cache();
			}
		]]></hook>


		<hook id="fn_delete_topic_end"><![CDATA[
			// Remove topic tags
			pun_tags_remove_topic_tags($topic_id);
			pun_tags_remove_orphans();
			pun_tags_generate_cache();
		]]></hook>


		<hook id="ed_pre_checkbox_display" priority = "1"><![CDATA[
			if ($can_edit_subject && $forum_user['g_pun_tags_allow'])
			{
				$res_tags = array();
				if (isset($pun_tags['topics'][$cur_post['tid']]))
				{
					foreach ($pun_tags['topics'][$cur_post['tid']] as $tag_id)
						$res_tags[] = $pun_tags['index'][$tag_id];
				}

				?>
				<div class="sf-set set<?php echo ++$forum_page['item_count'] ?>">
					<div class="sf-box text">
						<label for="fld<?php echo ++$forum_page['fld_count'] ?>"><span><?php echo $lang_pun_tags['Topic tags']; ?></span><small><?php echo $lang_pun_tags['Enter tags']; ?></small></label><br />
							<span class="fld-input"><input id="fld<?php echo $forum_page['fld_count'] ?>" type="text" name="pun_tags" value="<?php if (!empty($res_tags)) echo implode(', ', $res_tags); else echo '';  ?>" size="70" maxlength="100"/></span>
					</div>
				</div>
				<?php
			}
		]]></hook>


		<hook id="ed_pre_post_edited"><![CDATA[
			if ($can_edit_subject && $forum_user['g_pun_tags_allow'])
			{
				//Parse the string
				if (isset($_POST['pun_tags']))
					$new_tags = pun_tags_parse_string(utf8_trim($_POST['pun_tags']));
				if (empty($new_tags))
				{
					if (isset($pun_tags['topics'][$cur_post['tid']]))
					{
						pun_tags_remove_topic_tags($cur_post['tid']);
						$update_cache = TRUE;
					}
				}
				else
				{
					//Determine old tags
					$old_tags = array();
					if (!empty($pun_tags['topics'][$cur_post['tid']]))
					{
						foreach ($pun_tags['topics'][$cur_post['tid']] as $old_tagid)
							$old_tags[$old_tagid] = $pun_tags['index'][$old_tagid];
					}

					//Tags for removing
					$remove_tags = array_diff($old_tags, $new_tags);
					if (!empty($remove_tags))
					{
						$pun_tags_query = array(
							'DELETE'	=>	'topic_tags',
							'WHERE'		=>	'topic_id = '.$cur_post['tid'].' AND tag_id IN ('.implode(',', array_keys($remove_tags)).')'
						);
						$forum_db->query_build($pun_tags_query) or error(__FILE__, __LINE__);
						$update_cache = TRUE;
					}

					$search_arr = isset($pun_tags['index']) ? $pun_tags['index'] : array();
					foreach ($new_tags as $tag)
					{
						//Have we current tag?
						if (in_array($tag, $old_tags))
							continue;
						$tag_id = array_search($tag, $search_arr);
						if ($tag_id === FALSE)
							pun_tags_add_new($tag, $cur_post['tid']);
						else
							pun_tags_add_existing_tag($tag_id, $cur_post['tid']);
						$update_cache = TRUE;
					}
				}

				if (!empty($update_cache))
				{
					pun_tags_remove_orphans();
					pun_tags_generate_cache();
				}
			}
		]]></hook>


		<hook id="ca_fn_prune_qr_prune_subscriptions"><![CDATA[
			$query_tags = array(
				'DELETE'	=>	'topic_tags',
				'WHERE'		=>	'topic_id IN('.$topic_ids.')'
			);
			$forum_db->query_build($query_tags) or error(__FILE__, __LINE__);
		]]></hook>


		<hook id="acg_del_cat_pre_redirect, mr_confirm_delete_topics_pre_redirect"><![CDATA[
			pun_tags_remove_orphans();
			pun_tags_generate_cache();
		]]></hook>


		<hook id="afo_del_forum_pre_redirect"><![CDATA[
			pun_tags_remove_orphans();
			pun_tags_generate_cache();
			require_once $ext_info['path'].'/functions.php';
			pun_tags_generate_forum_perms_cache();
		]]></hook>


		<hook id="mr_confirm_move_topics_pre_redirect"><![CDATA[
			pun_tags_generate_cache();
		]]></hook>


		<hook id="mr_confirm_delete_topics_qr_delete_topics"><![CDATA[
			$query_tags = array(
				'DELETE'	=>	'topic_tags',
				'WHERE'		=>	'topic_id IN('.implode(',', $topics).')'
			);
			$forum_db->query_build($query_tags) or error(__FILE__, __LINE__);
		]]></hook>


		<hook id="mr_confirm_merge_topics_pre_redirect"><![CDATA[
			$query = array(
				'UPDATE'	=>	'topic_tags',
				'SET'		=>	'topic_id = '.$merge_to_tid,
				'WHERE'		=>	'topic_id IN('.implode(',', $topics).') AND topic_id != '.$merge_to_tid
			);
			$forum_db->query_build($query) or error(__FILE__, __LINE__);
			pun_tags_generate_cache();
		]]></hook>


		<hook id="mr_confirm_split_posts_pre_confirm_checkbox"><![CDATA[
			if ($fid)
			{
				$res_tags = array();
				if (isset($pun_tags['topics'][$tid]))
				{

					foreach ($pun_tags['topics'][$tid] as $tag_id)
						foreach ($pun_tags['index'] as $tag)
							if ($tag['tag_id'] == $tag_id)
								$res_tags[] = $tag['tag'];
				}

				?>
				<div class="sf-box text">
						<label for="fld<?php echo ++$forum_page['fld_count'] ?>"><span><?php echo $lang_pun_tags['Topic tags']; ?></span><small><?php echo $lang_pun_tags['Enter tags']; ?></small></label><br />
						<span class="fld-input"><input id="fld<?php echo $forum_page['fld_count'] ?>" type="text" name="pun_tags" value="<?php if (!empty($res_tags)) echo implode(', ', $res_tags); else echo '';  ?>" size="70" maxlength="100"/></span>
				</div>
			<?php

			}
		]]></hook>


		<hook id="se_post_results_fetched"><![CDATA[
			if (!empty($search_set))
			{
				//Array with tags id
				$tags = array();
				//Array with processed topics
				$processed_topics = array();
				foreach ($search_set as $res)
				{
					if (!isset($pun_tags['topics'][$res['tid']]) || in_array($res['tid'], $processed_topics))
						continue;

					$processed_topics[] = $res['tid'];
					$tags = array_merge($tags, array_diff($pun_tags['topics'][$res['tid']], $tags));
				}
				//Array with tags and weights
				$tags_results = array();
				if (!empty($tags))
				{
					//Calculation of tags weight
					foreach ($pun_tags_groups_perms[$forum_user['group_id']] as $forum_id)
					{
						if (!isset($pun_tags['forums'][$forum_id]))
							continue;
						//Calcullate common keys in arrays
						$tmp = array_intersect($tags, array_keys($pun_tags['forums'][$forum_id]));
						foreach ($tmp as $cur_tag)
						{
							if (!isset($tags_results[$cur_tag]))
								$tags_results[$cur_tag] = array('tag' => $pun_tags['index'][$cur_tag], 'weight' => $pun_tags['forums'][$forum_id][$cur_tag]);
							else
								$tags_results[$cur_tag]['weight'] += $pun_tags['forums'][$forum_id][$cur_tag];
						}
					}
					unset($tmp);
				}
				unset($tags);
				if (!empty($tags_results))
				{
					$minfontsize = 100;
					$maxfontsize = 200;
					list($min_pop, $max_pop) = min_max_tags_weights($tags_results);
					if ($max_pop - $min_pop == 0)
						$step = $maxfontsize - $minfontsize;
					else
						$step = ($maxfontsize - $minfontsize) / ($max_pop - $min_pop);

					uasort($tags_results, 'compare_tags');
					$tags_results = array_tags_slice($tags_results);
					$ouput_results = array();
					foreach ($tags_results as $tag_id => $tag_info)
						$ouput_results[] = pun_tags_get_link(round(($tag_info['weight'] - $min_pop) * $step + $minfontsize), $tag_id, $tag_info['weight'], $tag_info['tag']);
					unset($minfontsize, $maxfontsize, $step, $tags_results, $min_pop, $max_pop);
				}
				unset($tags_results);
			}
		]]></hook>


		<hook id="sf_fn_generate_action_search_query_end"><![CDATA[
			if ($action == 'tag')
			{
				$tag_id = isset($_GET['tag_id']) ? intval($_GET['tag_id']) : 0;
				if ($tag_id < 1)
					message($lang_common['Bad request']);
				global $pun_tags;
				if (isset($pun_tags['topics']))
				{
					foreach ($pun_tags['topics'] as $topic_id => $tags)
						if (in_array($tag_id, $tags))
							$search_ids[] = $topic_id;
					if (empty($search_ids))
						message($lang_common['Bad request']);
				}
				$query = array(
					'SELECT'	=> 't.id AS tid, t.poster, t.subject, t.first_post_id, t.posted, t.last_post, t.last_post_id, t.last_poster, t.num_replies, t.closed, t.sticky, t.forum_id, f.forum_name',
					'FROM'		=> 'topics AS t',
					'JOINS'		=> array(
						array(
							'INNER JOIN'	=> 'forums AS f',
							'ON'			=> 'f.id=t.forum_id'
						),
						array(
							'LEFT JOIN'		=> 'forum_perms AS fp',
							'ON'			=> '(fp.forum_id=f.id AND fp.group_id='.$forum_user['g_id'].')'
						)
					),
					'WHERE'		=> '(fp.read_forum IS NULL OR fp.read_forum=1) AND t.id IN('.implode(',', $search_ids).')',
					'ORDER BY'	=> 't.last_post DESC'
				);
				// With "has posted" indication
				if (!$forum_user['is_guest'] && $forum_config['o_show_dot'] == '1')
				{
					$subquery = array(
						'SELECT'	=> 'COUNT(p.id)',
						'FROM'		=> 'posts AS p',
						'WHERE'		=> 'p.poster_id='.$forum_user['id'].' AND p.topic_id=t.id'
					);

					$query['SELECT'] .= ', ('.$forum_db->query_build($subquery, true).') AS has_posted';
				}
			}
		]]></hook>


		<hook id="ft_end"><![CDATA[
			if ($forum_config['o_pun_tags_show'] == 1)
			{
				if (!empty($ouput_results))
					$tpl_main = str_replace('<div id="brd-pun_tags"></div>', '<div id="brd-pun_tags"><ul>'.implode($forum_config['o_pun_tags_separator'], $ouput_results).'</ul></div>', $tpl_main);
				else
					$tpl_main = str_replace('<div id="brd-pun_tags"></div>', '', $tpl_main);
			}
		]]></hook>


		<hook id="sf_fn_validate_actions_start"><![CDATA[
			$valid_actions[] = 'tag';
		]]></hook>


		<hook id="afo_save_forum_pre_redirect, afo_revert_perms_form_submitted, agr_add_edit_pre_redirect, agr_del_group_pre_redirect"><![CDATA[
			require_once $ext_info['path'].'/functions.php';
			pun_tags_generate_forum_perms_cache();
		]]></hook>


		<hook id="ca_fn_generate_admin_menu_new_sublink"><![CDATA[

			if (file_exists($ext_info['path'].'/lang/'.$forum_user['language'].'/'.$ext_info['id'].'.php'))
				require $ext_info['path'].'/lang/'.$forum_user['language'].'/'.$ext_info['id'].'.php';
			else
				require $ext_info['path'].'/lang/English/'.$ext_info['id'].'.php';
			require $ext_info['path'].'/pun_tags_url.php';

			if ((FORUM_PAGE_SECTION == 'management') && ($forum_user['g_id'] == FORUM_ADMIN))
				$forum_page['admin_submenu']['pun_tags_management'] = '<li class="'.((FORUM_PAGE == 'admin-management-manage_tags') ? 'active' : 'normal').((empty($forum_page['admin_menu'])) ? ' first-item' : '').'"><a href="'.forum_link($pun_tags_url['Section pun_tags']).'">'.$lang_pun_tags['Section tags'].'</a></li>';
		]]></hook>


		<hook id="aex_new_action"><![CDATA[
			if ($section == 'manage_tags')
			{
				//Get some info about topics with tags
				$topic_info = array();
				if (!empty($pun_tags['topics']))
				{
					$pun_tags_query = array(
						'SELECT'	=>	'id, subject',
						'FROM'		=>	'topics',
						'WHERE'		=>	'id IN ('.implode(',', array_keys($pun_tags['topics'])).')'
					);
					$pun_tags_result = $forum_db->query_build($pun_tags_query) or error(__FILE__, __LINE__);
					while ($cur_topic = $forum_db->fetch_assoc($pun_tags_result))
						$topic_info[$cur_topic['id']] = $cur_topic['subject'];
				}

				if (file_exists($ext_info['path'].'/lang/'.$forum_user['language'].'/'.$ext_info['id'].'.php'))
					require $ext_info['path'].'/lang/'.$forum_user['language'].'/'.$ext_info['id'].'.php';
				else
					require $ext_info['path'].'/lang/English/'.$ext_info['id'].'.php';
				require $ext_info['path'].'/pun_tags_url.php';

				if (isset($_POST['change_tags']) && !empty($_POST['line_tags']) && !empty($pun_tags['topics']))
				{
					foreach ($_POST['line_tags'] as $topic_id => $tag_line)
					{
						if (intval($topic_id) < 1)
							break;
						$cur_tags_new = pun_tags_parse_string(utf8_trim($tag_line));

						//All tags was removed?
						if (empty($cur_tags_new))
						{
							$pun_tags_query = array(
								'DELETE'	=>	'topic_tags',
								'WHERE'		=>	'topic_id = '.$topic_id
							);
							$forum_db->query_build($pun_tags_query) or error(__FILE__, __LINE__);
							continue;
						}

						//Collect old tags
						$cur_tags_old = array();
						if (!empty($pun_tags['topics'][$topic_id]))
						{
							foreach ($pun_tags['topics'][$topic_id] as $old_tag_id)
								$cur_tags_old[$old_tag_id] = $pun_tags['index'][$old_tag_id];
						}
						//Nothing changed
						if (implode(', ', $cur_tags_new) == implode(', ', array_values($cur_tags_old)))
							continue;
						//This array contain indexes of processed new tags
						$processed_tags = array();
						//The array with tags for removal
						$remove_tags_id = array();
						foreach ($cur_tags_old as $tag_old_id => $tag_old)
						{
							$srch_index = array_search($tag_old, $cur_tags_new);
							//Tag was not changed
							if ($srch_index !== FALSE)
							{
								$processed_tags[] = $srch_index;
								continue;
							}

							//Was tag edited?
							$not_found_edited = TRUE;
							foreach ($cur_tags_new as $cur_tag_new)
							{
								if (strcasecmp($cur_tag_new, $tag_old) == 0)
								{
									$not_found_edited = FALSE;
									$edited_tag_id = $tag_old_id;
									$edited_tag = $cur_tag_new;
									break;
								}
							}

							//Tag removed?
							if ($not_found_edited)
							{
								$remove_tags_id[] = $tag_old_id;
								$processed_tags[] = $tag_old_id;
							}
							else
							{
								//Is this tag already persist in the tag list?
								$edited_tag_id_new = tag_cache_index($edited_tag);
								if ($edited_tag_id_new !== FALSE)
								{
									$pun_tags_query = array(
										'UPDATE'	=>	'topic_tags',
										'SET'		=>	'tag_id = '.$edited_tag_id_new,
										'WHERE'		=>	'topic_id = '.$topic_id.' AND tag_id = '.$edited_tag_id
									);
									$forum_db->query_build($pun_tags_query) or error(__FILE__, __LINE__);
								}
								else
									pun_tags_add_new($edited_tag, $topic_id);

								$remove_tags_id[] = $tag_old_id;
								$processed_tags[] = $tag_old_id;
							}
						}

						//Is there some new tags
						if (count($processed_tags) != count($cur_tags_new))
						{
							foreach ($cur_tags_new as $cur_new_tag_id => $cur_new_tag)
							{
								if (in_array($cur_new_tag_id, $processed_tags))
									continue;
								$tag_exist_index = tag_cache_index($cur_new_tag);
								if ($tag_exist_index === FALSE)
									pun_tags_add_new($cur_new_tag, $topic_id);
								else
									pun_tags_add_existing_tag($tag_exist_index, $topic_id);
							}
						}

						if (!empty($remove_tags_id))
						{
							$pun_tags_query = array(
								'DELETE'	=>	'topic_tags',
								'WHERE'		=>	'topic_id = '.$topic_id.' AND tag_id IN ('.implode(',', $remove_tags_id).')'
							);
							$forum_db->query_build($pun_tags_query) or error(__FILE__, __LINE__);
						}
					}
					pun_tags_remove_orphans();
					pun_tags_generate_cache();

					$forum_flash->add_info($lang_pun_tags['Redirect with changes']);

					redirect(forum_link($pun_tags_url['Section pun_tags']), $lang_pun_tags['Redirect with changes']);
				}

				$forum_page['form_action'] = forum_link($pun_tags_url['Section tags']);
				$forum_page['item_count'] = 1;

				$forum_page['table_header'] = array();
				$forum_page['table_header']['name'] = '<th class="tc1" scope="col">'.$lang_pun_tags['Name topic'].'</th>';
				$forum_page['table_header']['tags'] = '<th class="tc2" scope="col">'.$lang_pun_tags['Tags of topic'].'</th>';

				// Setup breadcrumbs
				$forum_page['crumbs'] = array(
					array($forum_config['o_board_title'], forum_link($forum_url['index'])),
					array($lang_admin_common['Forum administration'], forum_link($forum_url['admin_index'])),
					array($lang_admin_common['Management'], forum_link($forum_url['admin_reports'])),
					array($lang_pun_tags['Section tags'], forum_link($pun_tags_url['Section tags']))
				);

				define('FORUM_PAGE_SECTION', 'management');
				define('FORUM_PAGE', 'admin-management-manage_tags');
				require FORUM_ROOT.'header.php';

				ob_start();

				if (!empty($topic_info))
				{
					// Load the userlist.php language file
					if (file_exists(FORUM_ROOT.'lang/'.$forum_user['language'].'/userlist.php'))
						require FORUM_ROOT.'lang/'.$forum_user['language'].'/userlist.php';
					else
						require FORUM_ROOT.'lang/English/userlist.php';

					?>
					<div class="main-subhead">
						<h2 class="hn">
							<span><?php echo $lang_pun_tags['Section tags']; ?></span>
						</h2>
					</div>
					<div class="main-content main-forum">
						<form class="frm-form" id="afocus" method="post" accept-charset="utf-8" action="<?php echo $forum_page['form_action'] ?>">
							<div class="hidden">
								<input type="hidden" name="form_sent" value="1" />
								<input type="hidden" name="csrf_token" value="<?php echo generate_form_token($forum_page['form_action']) ?>" />
							</div>
							<div class="ct-group">
								<table id="pun_tags_table" summary="<?php echo $lang_ul['Table summary'] ?>">
									<thead>
										<tr><?php echo implode("\n\t\t\t\t\t\t", $forum_page['table_header'])."\n" ?></tr>
									</thead>
									<tbody>
									<?php
										foreach ($topic_info as $topic_id => $topic_subject)
										{
											$tags_arr = $pun_tags['topics'][$topic_id];
											$cur_tags_arr = array();
											foreach ($tags_arr as $tag_id)
												$cur_tags_arr[] = $pun_tags['index'][$tag_id];

											?>
												<tr class="<?php echo ($forum_page['item_count'] % 2 != 0) ? 'odd' : 'even' ?><?php echo ($forum_page['item_count'] == 1) ? ' row1' : '' ?>">
													<td class="tc0" scope="col"><a class="permalink" rel="bookmark" href="<?php echo forum_link($forum_url['topic'], $topic_id) ?>"><?php echo forum_htmlencode($topic_subject) ?></a></td>
													<td class="tc1" scope="col"><input id="fld<?php echo $forum_page['item_count']; ?>" type="text" value="<?php echo forum_htmlencode(implode(', ', $cur_tags_arr)) ?>" name="line_tags[<?php echo $topic_id; ?>]"/></td>
												</tr>
											<?php
										}
									?>
									</tbody>
								</table>
							</div>
							<div class="frm-buttons">
								<span class="submit"><input type="submit" name="change_tags" value="<?php echo $lang_pun_tags['Submit changes'] ?>" /></span>
							</div>
						</form>
					</div>
					<?php
				}
				else
				{
					?>
						<div class="main-subhead">
							<h2 class="hn">
								<span><?php echo $lang_pun_tags['Section tags']; ?></span>
							</h2>
						</div>
						<div class="main-content main-forum">
							<div class="ct-box">
								<h3 class="hn"><span><?php echo $lang_pun_tags['No tags']; ?></span></h3>
							</div>
						</div>

					<?php
				}

				$tpl_pun_tags = trim(ob_get_contents());
				$tpl_main = str_replace('<!-- forum_main -->', $tpl_pun_tags, $tpl_main);
				ob_end_clean();

				require FORUM_ROOT.'footer.php';
			}
		]]></hook>
	</hooks>

</extension>
